customer_id,first_name,last_name,city
1,Christopher,Rosario,San Francisco
2,Rebecca,King,Austin
3,Eileen,Knox,San Francisco
4,Victoria,Perry,Austin
5,Ashley,Edwards,Boston
6,Christopher,Richard,Austin
7,Joseph,Johnson,Seattle
8,Rebekah,Brown,Chicago
9,Thomas,Alexander,Boston
10,Jerry,Murphy,Austin
11,Jeffrey,Byrd,San Francisco
12,Antonio,Wagner,New York
13,Fernando,Evans,New York
14,Stacy,Gardner,Los Angeles
15,Tasha,Russell,Seattle
16,Michelle,Brock,Chicago
17,Richard,Moore,Austin
18,Max,Martin,Chicago
19,Cynthia,Bernard,New York
20,Martin,Torres,New York
21,Scott,Garza,San Francisco
22,Anthony,Joseph,Austin
23,Bradley,Nguyen,San Francisco
24,Melanie,Matthews,San Francisco
25,Dorothy,Vaughan,Boston
26,Julia,Padilla,Chicago
27,Mary,Delgado,Seattle
28,Julie,Howard,Chicago
29,Allison,Rodriguez,New York
30,Lorraine,Brown,Chicago
31,Evelyn,Huber,Los Angeles
32,Katherine,Johnston,Los Angeles
33,Joseph,Powers,Los Angeles
34,David,Rogers,Austin
35,Robert,Ballard,San Francisco
36,Linda,Miller,Austin
37,Emily,Kaufman,Seattle
38,Samantha,Page,Chicago
39,Tracy,Campbell,Chicago
40,Kristin,Wolfe,San Francisco
41,Julie,Jenkins,Seattle
42,Benjamin,Walker,Chicago
43,Wendy,Marquez,Chicago
44,Elizabeth,Mclaughlin,Los Angeles
45,Vincent,York,Boston
46,Emily,Dawson,New York
47,Anthony,Matthews,Boston
48,Kristi,Becker,Chicago
49,Michael,Vang,Seattle
50,Katherine,Robertson,Austin
51,Daniel,Berg,New York
52,Victoria,Torres,Seattle
53,Debra,Roberts,Boston
54,Sue,Anderson,Austin
55,Katherine,Williams,San Francisco
56,Leah,Mitchell,Los Angeles
57,Amber,Hayes,San Francisco
58,Jennifer,Guerrero,Chicago
59,Zachary,Bryant,Boston
60,Richard,Allen,Los Angeles
61,Kayla,Knox,Boston
62,Christopher,Olson,Austin
63,Michelle,Morris,San Francisco
64,Scott,Palmer,Boston
65,Katherine,Williams,Los Angeles
66,Susan,Mckay,Los Angeles
67,Chloe,Bennett,New York
68,Claudia,Anderson,Boston
69,Christopher,Brady,Los Angeles
70,Sherri,Gray,San Francisco
71,Dawn,Ayala,Seattle
72,Amy,Carter,Seattle
73,Christina,Simmons,Boston
74,Diane,Williams,Seattle
75,Jessica,Williams,Los Angeles
76,Latoya,Sandoval,Boston
77,Donald,Jones,New York
78,Tonya,Collins,Seattle
79,Ralph,Johnson,New York
80,Timothy,Bailey,New York
81,Lynn,Daniels,New York
82,David,Brown,Chicago
83,Kirk,Phillips,Los Angeles
84,Julie,Jones,New York
85,Crystal,Johnson,Boston
86,Cheryl,Ward,Los Angeles
87,Gabriella,Alvarez,San Francisco
88,Mary,Moyer,New York
89,Kathy,Novak,New York
90,James,Castillo,Seattle
91,Luke,Douglas,Austin
92,Gary,Chapman,Boston
93,Charles,Alexander,Austin
94,Destiny,Rodriguez,San Francisco
95,Christopher,Solis,Boston
96,Christopher,Davis,Austin
97,Roger,Gonzalez,Seattle
98,Jennifer,Farrell,Los Angeles
99,Ernest,Garrett,Austin
100,Michael,Murphy,Los Angeles
